{
    "hyperparameters": {
        "PITCH_VECTOR_SIZE": 36,
        "SEQUENCE_LENGHT_MELODY": 16,
        "CHORD_SIZE_MELODY": 72,
        "DURATION_SIZE_MELODY": 16,
        "NUM_EPOCHS_MELODY": 30,
        "HIDDEN_SIZE_LSTM_MELODY": 256,
        "ALPHA1_MELODY": 0.6,
        "ALPHA2_MELODY": 0.4,
        "LEARNING_RATE_MELODY": 0.0001,
        "BATCH_SIZE_MELODY": 64,
        "MAX_BATCHES_MELODY": 50,
        "WEIGHT_DECAY_MELODY": 0.0001
    },
    "loss_list": [
        3.068876682543287,
        2.8699411504408894,
        2.7958494775435505,
        2.6542967581281474,
        2.5486911792381135,
        2.470205732420379,
        2.378584473740821,
        2.3218617673013724,
        2.306079873851701,
        2.2689928587745216,
        2.25334916862787,
        2.214300973742616,
        2.1657392511180804,
        2.1591733577204684,
        2.156160462136362,
        2.1460496000215117,
        2.1472878970351874,
        2.138538832757987,
        2.122767733592613,
        2.1068616170509187,
        2.125729098039515,
        2.118139659657198,
        2.0930877900591085,
        2.0929489883722043,
        2.0988137581769157,
        2.0993803926542696,
        2.0988674537808287,
        2.0805129630892885,
        2.0902199604932,
        2.071308834880006
    ],
    "val_loss_list": [
        2.896483858426412,
        2.8044524987538657,
        2.7130011717478433,
        2.5862826108932495,
        2.529851714769999,
        2.3494155009587607,
        2.301435947418213,
        2.2709522247314453,
        2.244794805844625,
        2.09999410311381,
        2.199209372202555,
        2.177834987640381,
        2.1107484896977744,
        2.140672524770101,
        2.065022965272268,
        2.1086231072743735,
        2.0720502932866416,
        2.0192867120107016,
        2.06997017065684,
        2.1129363775253296,
        2.0725909074147544,
        2.048650403817495,
        2.076139291127523,
        2.026562591393789,
        2.090878168741862,
        2.0487195452054343,
        2.0469053188959756,
        1.9955576459566753,
        2.0334827105204263,
        1.9611035386721294
    ]
}