{
    "hyperparameters": {
        "PITCH_VECTOR_SIZE": 36,
        "SEQUENCE_LENGHT_MELODY": 16,
        "CHORD_SIZE_MELODY": 24,
        "DURATION_SIZE_MELODY": 16,
        "NUM_EPOCHS_MELODY": 100,
        "HIDDEN_SIZE_LSTM_MELODY": 256,
        "ALPHA1_MELODY": 0.6,
        "ALPHA2_MELODY": 0.4,
        "LEARNING_RATE_MELODY": 0.0005,
        "BATCH_SIZE_MELODY": 64,
        "MAX_BATCHES_MELODY": Infinity,
        "WEIGHT_DECAY_MELODY": 0.001,
        "COMBINED": false
    },
    "loss_list": [
        1.6849921049212562,
        1.5107918133993787,
        1.4894248437213666,
        1.4785976383264194,
        1.4737163246271907,
        1.467300927674324,
        1.4633898801505645,
        1.461113738910933,
        1.4585592782372192,
        1.4557057698717537,
        1.4533605177769147,
        1.4518877632881861,
        1.45066649236995,
        1.4484631062324498,
        1.4475100670353986,
        1.4456117161836324,
        1.4448693772387127,
        1.4440729219316955,
        1.4433448650173637,
        1.441876042540941,
        1.441584453600743,
        1.4401042597524374,
        1.4398104622779495,
        1.4386591048148196,
        1.4379850794868974,
        1.4374078026750228,
        1.4362786755290855,
        1.4364364838105728,
        1.436271894244598,
        1.435021684011166,
        1.4346290943341984,
        1.4339710166760606,
        1.433962460833035,
        1.4335530368009732,
        1.4320128943892525,
        1.4313320754642214,
        1.4306231705351977,
        1.430647309533419,
        1.429212929680442,
        1.4290389491964022,
        1.4287537505547698,
        1.4277617110738592,
        1.4265477674655314,
        1.4249219320997406,
        1.4225449243582005,
        1.419021640927073,
        1.4177448201815201,
        1.4160727998043627,
        1.4152767834495157,
        1.4145773671689843,
        1.4137769191694682,
        1.4136498927941645,
        1.412255526905332,
        1.411571947705736,
        1.4114874427671096,
        1.4107438622219621,
        1.410542047348043,
        1.4104617408366658,
        1.4099932780588151,
        1.4101320973888678,
        1.4095960667985423,
        1.4092298941955135,
        1.4094136639036903,
        1.4087956207574874,
        1.4089408800218615,
        1.4087456546637558,
        1.4080006412312955,
        1.4080397462125676,
        1.4077107591061395,
        1.4079194303602984,
        1.4074896249429512,
        1.408184593269005,
        1.4076983864468575,
        1.4075601322131435,
        1.4072220180030142,
        1.4076307540533197,
        1.4074818897272998,
        1.4071201705688612,
        1.406575006421544,
        1.4068836691628046,
        1.4067448570565846,
        1.406771089136199,
        1.4070299576146243,
        1.4064273752037355,
        1.4063299138880534,
        1.4062008115759186,
        1.4063524443153548,
        1.406083111088134,
        1.4059088020802444,
        1.4058574260870402,
        1.4058693891710712,
        1.4055664445587865,
        1.4053994390863696,
        1.4054323731488434,
        1.405598964198015,
        1.405160273787727,
        1.4055145866877943,
        1.4052146819284461,
        1.4044254176095912,
        1.4044962926852296
    ],
    "val_loss_list": [
        1.5608186660810959,
        1.5312982320785522,
        1.5072361277979474,
        1.501239838711051,
        1.502653021867885,
        1.4946511217328005,
        1.4960810791614443,
        1.4946541561636815,
        1.49102233897808,
        1.4835341719693915,
        1.4951893285263416,
        1.4871270343314769,
        1.4796021128809729,
        1.4838278900745303,
        1.4726537127827488,
        1.4756534055221913,
        1.4719765150269797,
        1.4765568608461423,
        1.4712867589884027,
        1.4770095800244532,
        1.4756163026011266,
        1.471823357426843,
        1.4689733857332274,
        1.4785294920899148,
        1.4772321942240694,
        1.4666800457377767,
        1.4663102867991424,
        1.4645448321519896,
        1.4804116845130921,
        1.4641974790151728,
        1.4710934095604475,
        1.4705153054969256,
        1.4667171037474345,
        1.4612746327422386,
        1.4659349014592724,
        1.462721312046051,
        1.4711792657541674,
        1.4754402986792632,
        1.4650881168454193,
        1.4739532354266145,
        1.4578290506850842,
        1.4621256284935529,
        1.454854163458181,
        1.4653655237929766,
        1.454472329172977,
        1.4479615652283957,
        1.455224170241245,
        1.4661253513291825,
        1.4573859131613442,
        1.453498074620269,
        1.451248246847197,
        1.4502372400705204,
        1.4498021447381308,
        1.4617137795270876,
        1.4501842066299084,
        1.451789836273637,
        1.4517803056295528,
        1.4490526637365653,
        1.4422411710716958,
        1.447802601858627,
        1.4432207376457924,
        1.4488038634144982,
        1.4429154986558959,
        1.449040324743404,
        1.4479400510011717,
        1.4408537986666656,
        1.4527797837590062,
        1.4437132835388184,
        1.4497805817182674,
        1.4442441701889037,
        1.4420230859933898,
        1.4564110320667887,
        1.4476377631342687,
        1.4439777399218359,
        1.4447431090266205,
        1.444668904570646,
        1.4431053835292196,
        1.4471028242000314,
        1.4460790193358133,
        1.4426374823548074,
        1.4485184126122053,
        1.4448200638904127,
        1.4499244457067446,
        1.4518223061118014,
        1.447031790711159,
        1.441473833627479,
        1.4449340379515359,
        1.44858263786449,
        1.4422500488369965,
        1.4458733467168585,
        1.4423147728276806,
        1.4463649389355682,
        1.4375483961992486,
        1.4581032517344452,
        1.4447862913442213,
        1.443273969860964,
        1.4425039626831233,
        1.4431352252183958,
        1.4459417093631832,
        1.4396134595538295
    ]
}