{
    "hyperparameters": {
        "PITCH_VECTOR_SIZE": 36,
        "SEQUENCE_LENGHT_MELODY": 16,
        "CHORD_SIZE_MELODY": 24,
        "DURATION_SIZE_MELODY": 16,
        "NUM_EPOCHS_MELODY": 100,
        "HIDDEN_SIZE_LSTM_MELODY": 256,
        "ALPHA1_MELODY": 0.6,
        "ALPHA2_MELODY": 0.4,
        "LEARNING_RATE_MELODY": 0.0005,
        "BATCH_SIZE_MELODY": 64,
        "MAX_BATCHES_MELODY": Infinity,
        "WEIGHT_DECAY_MELODY": 0.001,
        "COMBINED": false
    },
    "loss_list": [
        1.641874839056864,
        1.47773208330495,
        1.457925486140838,
        1.442890605803227,
        1.4338062478306157,
        1.4271512793428713,
        1.4210706068889618,
        1.4149547063723236,
        1.409875817498588,
        1.404828200692152,
        1.4012649409892326,
        1.3985008501698315,
        1.3955601692007071,
        1.3938236270283484,
        1.3929974769537834,
        1.3915293235326758,
        1.3902656616562306,
        1.389392787158698,
        1.3883220456598777,
        1.3867824259004662,
        1.386029049324726,
        1.385517006738469,
        1.385262756183274,
        1.3846638183403683,
        1.3836885838857917,
        1.3826927620382794,
        1.3831591181378784,
        1.3819230369503146,
        1.382607851650013,
        1.3813201369636952,
        1.3809143451388364,
        1.3800298632427332,
        1.380107718370624,
        1.3793748827144974,
        1.379100127551487,
        1.3788286101423182,
        1.3782277959651006,
        1.377571247800996,
        1.3779781119476069,
        1.3769729008996965,
        1.3769947006925238,
        1.3761106446333211,
        1.376250618620764,
        1.376071003194193,
        1.3755361284812826,
        1.3753975704452788,
        1.3748858685510164,
        1.3745342535758127,
        1.3739767176681794,
        1.374312226450607,
        1.3732325087780264,
        1.373243102817371,
        1.3732915783455004,
        1.372250334050435,
        1.3722983834527105,
        1.3713836016245298,
        1.371077847968784,
        1.3705576071031582,
        1.3701198731604016,
        1.3697961333495987,
        1.370085723535603,
        1.3696254177489051,
        1.3693284103885162,
        1.369364226663848,
        1.3687026845840569,
        1.3686960764468086,
        1.36800089927173,
        1.3680304291111551,
        1.3677188613618316,
        1.3680376105959642,
        1.3666074757559294,
        1.3667579545764117,
        1.3672729803165464,
        1.3664766000410697,
        1.366262191635176,
        1.3656455451126468,
        1.3653080334183088,
        1.3656028401906235,
        1.3651743756610686,
        1.364777922245039,
        1.3644405844203231,
        1.3647540579450892,
        1.3635028235327353,
        1.3637465904126937,
        1.3635766006626917,
        1.3636044751689211,
        1.3627694319625636,
        1.3626588025312683,
        1.3626457255804214,
        1.362364454327842,
        1.3620481389794683,
        1.3613163169233617,
        1.360808606324991,
        1.3607356841115337,
        1.3609967099153029,
        1.3595816480513052,
        1.3599370394856212,
        1.3594884913853162,
        1.3596193085710797,
        1.359527089863558
    ],
    "val_loss_list": [
        1.5336755156517028,
        1.4981624966443972,
        1.490036469004875,
        1.4737749795581019,
        1.4800656249356825,
        1.4592076844947284,
        1.4617985872335213,
        1.4470494924589645,
        1.44431080430053,
        1.4454799017240836,
        1.4491238089494927,
        1.4438619536022808,
        1.4383106073667837,
        1.4394471118616503,
        1.438652191605679,
        1.4312224008316217,
        1.4398285713306693,
        1.440682696187219,
        1.436813686614813,
        1.4240093336548916,
        1.4287650903990103,
        1.4239226532536884,
        1.434673603468163,
        1.430503829689913,
        1.4242853569429974,
        1.4414547642996145,
        1.4253364837446878,
        1.4219098343405612,
        1.419918494169102,
        1.4275697178618854,
        1.4347174164860748,
        1.4202363793240038,
        1.4200383158617242,
        1.424078351120616,
        1.4266844397367433,
        1.421270410127418,
        1.4234174279279488,
        1.4292198386303214,
        1.426354635870734,
        1.4216504385305004,
        1.4183428658995518,
        1.4238362403803093,
        1.4210242809251297,
        1.4254179533137832,
        1.421019714932109,
        1.4163086921669716,
        1.4313216159510058,
        1.4242144543071127,
        1.4123213227405105,
        1.4152077636053395,
        1.4138977890790896,
        1.4214331687882888,
        1.416711997708609,
        1.4233739736468294,
        1.4204179611316947,
        1.4151553841524347,
        1.4197002017220786,
        1.410975317899571,
        1.4137717460477075,
        1.4200614028198775,
        1.4131330939226372,
        1.4190977049428364,
        1.4143020541168922,
        1.4102008506309154,
        1.412779152393341,
        1.413363310070925,
        1.4204980115557826,
        1.4126019422398057,
        1.418436858265899,
        1.4170299854389456,
        1.4176351827244427,
        1.4124984012093655,
        1.4144588908483815,
        1.4147870684778967,
        1.4187639810318171,
        1.4227975922961569,
        1.4161359701045724,
        1.411229221765385,
        1.408106458741565,
        1.4174117640007373,
        1.4107803391855815,
        1.4145395131998284,
        1.4096263777377993,
        1.409174559282702,
        1.4124281453531842,
        1.4107213139533996,
        1.4142442645028581,
        1.412880215811175,
        1.4137637950653255,
        1.408443732039873,
        1.4063862035440844,
        1.4245010714198267,
        1.4067773175794025,
        1.4196408962094507,
        1.40839461836704,
        1.4125782481459683,
        1.4233319240947102,
        1.4136934186137,
        1.407303370708643,
        1.4092678688293279
    ]
}