{
    "hyperparameters": {
        "PITCH_VECTOR_SIZE": 36,
        "SEQUENCE_LENGHT_MELODY": 16,
        "CHORD_SIZE_MELODY": 24,
        "DURATION_SIZE_MELODY": 16,
        "NUM_EPOCHS_MELODY": 30,
        "HIDDEN_SIZE_LSTM_MELODY": 256,
        "ALPHA1_MELODY": 0.6,
        "ALPHA2_MELODY": 0.4,
        "LEARNING_RATE_MELODY": 0.0005,
        "BATCH_SIZE_MELODY": 64,
        "MAX_BATCHES_MELODY": 20,
        "WEIGHT_DECAY_MELODY": 0.001,
        "COMBINED": false
    },
    "loss_list": [
        2.705366532007853,
        2.221556226412455,
        2.195654647690909,
        2.1394253004164923,
        2.1342685392924716,
        2.115072704496838,
        2.150152115594773,
        2.0896609283628917,
        2.1617009128843034,
        2.1559853780837286,
        2.1771769637153264,
        2.094930648803711,
        2.0909408614749,
        2.0558379775001887,
        2.070444771221706,
        2.0645154487519037,
        2.0364794447308494,
        1.99942299865541,
        1.9367356300354004,
        1.9618581476665677,
        1.9320724464598156,
        1.932942509651184,
        1.9537269444692702,
        1.9409929173333305,
        1.8828794615609306,
        1.8618010112217493,
        1.878880744888669,
        1.8439408143361409,
        1.823053899265471,
        1.810193243480864
    ],
    "val_loss_list": [
        2.403078476587931,
        2.253278970718384,
        2.2898903687795005,
        2.111443599065145,
        2.310807943344116,
        2.0936837593714395,
        2.1581708590189614,
        2.189594825108846,
        2.276625394821167,
        2.2038121223449707,
        2.149517297744751,
        2.07969597975413,
        2.229483445485433,
        2.052027463912964,
        2.1384637355804443,
        2.0620818932851157,
        2.0226842959721885,
        2.1338465213775635,
        2.1072219610214233,
        1.984241207440694,
        2.085161288579305,
        1.9644238154093425,
        1.967022220293681,
        1.9720152616500854,
        1.924383004506429,
        1.9107834498087566,
        1.8837769031524658,
        1.8976585865020752,
        1.9223366578420003,
        1.9172522226969402
    ]
}