{
    "hyperparameters": {
        "PITCH_VECTOR_SIZE": 36,
        "SEQUENCE_LENGHT_MELODY": 16,
        "CHORD_SIZE_MELODY": 24,
        "DURATION_SIZE_MELODY": 16,
        "NUM_EPOCHS_MELODY": 20,
        "HIDDEN_SIZE_LSTM_MELODY": 256,
        "ALPHA1_MELODY": 0.6,
        "ALPHA2_MELODY": 0.4,
        "LEARNING_RATE_MELODY": 0.0005,
        "BATCH_SIZE_MELODY": 64,
        "MAX_BATCHES_MELODY": 20,
        "WEIGHT_DECAY_MELODY": 0.001,
        "COMBINED": false
    },
    "loss_list": [
        2.651410222053528,
        2.2252601896013533,
        2.1708826564607167,
        2.2227376642681302,
        2.1222188756579445,
        2.098481059074402,
        2.104547699292501,
        2.113906048593067,
        2.0785772176015946,
        2.109085412252517,
        2.0893938882010326,
        2.0926963772092546,
        2.012371857961019,
        2.091295219603039,
        1.9900870493480138,
        2.019527696427845,
        1.9994374286560785,
        1.983112340881711,
        1.982366056669326,
        1.9110418614887057
    ],
    "val_loss_list": [
        2.4062960147857666,
        2.3479254245758057,
        2.2095612287521362,
        2.2363011837005615,
        2.2164579232533774,
        2.2390565872192383,
        2.1165250142415366,
        2.1625057061513266,
        2.228923956553141,
        2.197702646255493,
        2.1692753632863364,
        2.2328291734059653,
        2.1495649019877114,
        2.1410284837086997,
        2.1244972546895347,
        2.126842657725016,
        2.0153749783833823,
        2.0611625512441,
        2.065420071283976,
        2.145679513613383
    ]
}