{
    "hyperparameters": {
        "PITCH_VECTOR_SIZE": 36,
        "SEQUENCE_LENGHT_MELODY": 16,
        "CHORD_SIZE_MELODY": 72,
        "DURATION_SIZE_MELODY": 16,
        "NUM_EPOCHS_MELODY": 20,
        "HIDDEN_SIZE_LSTM_MELODY": 256,
        "ALPHA1_MELODY": 0.6,
        "ALPHA2_MELODY": 0.4,
        "LEARNING_RATE_MELODY": 0.0001,
        "BATCH_SIZE_MELODY": 64,
        "MAX_BATCHES_MELODY": 5,
        "WEIGHT_DECAY_MELODY": 0.0001
    },
    "loss_list": [
        3.2463661432266235,
        3.1353850762049356,
        2.987156709035238,
        2.7337282498677573,
        2.4399924278259277,
        2.388975818951925,
        2.23393976688385,
        2.169847051302592,
        2.230695366859436,
        2.2176926930745444,
        2.238701343536377,
        2.1681041717529297,
        2.1862805684407554,
        2.2608484824498496,
        2.147496064503988,
        2.209609031677246,
        2.1472650369008384,
        2.2515475352605185,
        2.1516722242037454,
        2.2015395959218345
    ],
    "val_loss_list": [
        3.2090206146240234,
        3.0604641437530518,
        2.8055670261383057,
        2.395705223083496,
        2.609060764312744,
        2.193563222885132,
        2.2807302474975586,
        2.2425074577331543,
        2.329270362854004,
        2.301776647567749,
        2.340043783187866,
        2.014474391937256,
        2.335630178451538,
        2.401127815246582,
        2.423633098602295,
        2.3611109256744385,
        2.256716251373291,
        2.2202794551849365,
        2.370267152786255,
        2.015768051147461
    ]
}