{
    "hyperparameters": {
        "PITCH_VECTOR_SIZE": 36,
        "SEQUENCE_LENGHT_MELODY": 16,
        "CHORD_SIZE_MELODY": 72,
        "DURATION_SIZE_MELODY": 16,
        "NUM_EPOCHS_MELODY": 20,
        "HIDDEN_SIZE_LSTM_MELODY": 256,
        "ALPHA1_MELODY": 0.6,
        "ALPHA2_MELODY": 0.4,
        "LEARNING_RATE_MELODY": 0.0001,
        "BATCH_SIZE_MELODY": 64,
        "MAX_BATCHES_MELODY": 50,
        "WEIGHT_DECAY_MELODY": 0
    },
    "loss_list": [
        3.0524848302205405,
        2.8354481856028237,
        2.7000413829205083,
        2.502315268797033,
        2.3689198306962553,
        2.3023005607081393,
        2.2680502639097324,
        2.234378590303309,
        2.2033989382725134,
        2.1722167426464605,
        2.1536807078941194,
        2.141670717912562,
        2.1058651676364972,
        2.1216567450878667,
        2.0971494375490676,
        2.0913337001613543,
        2.0865247296352014,
        2.089423125865413,
        2.0960902933980905,
        2.0923313580307306
    ],
    "val_loss_list": [
        2.9115005334218345,
        2.762674887975057,
        2.524282137552897,
        2.436895251274109,
        2.3075042168299356,
        2.326088269551595,
        2.2013504107793174,
        2.1240874528884888,
        2.204017480214437,
        2.1077400843302407,
        2.0414509177207947,
        2.102625528971354,
        2.102512319882711,
        2.092513859272003,
        2.0803998510042825,
        1.9862962365150452,
        2.02906862894694,
        1.9618115623792012,
        2.0442353089650473,
        1.994693438212077
    ]
}